{
    "faces": [43,25,10,2,11,0,0,0,0,0,0,1,2,3,43,24,13,6,14,0,0,0,0,0,4,5,6,7,43,23,16,4,17,0,0,0,0,0,8,9,10,11,43,0,19,22,8,0,0,0,0,0,12,13,14,15,43,21,14,6,17,0,0,0,0,0,16,7,6,11,43,20,12,3,9,0,0,0,0,0,17,18,19,20,43,18,20,9,1,1,1,2,3,4,21,17,20,22,43,5,15,20,18,1,5,6,2,1,23,24,17,21,43,15,7,12,20,0,0,0,0,0,24,25,18,17,43,19,21,17,4,0,0,0,0,0,13,16,11,10,43,0,11,21,19,0,0,0,0,0,12,3,16,13,43,11,2,14,21,0,0,0,0,0,3,2,7,16,43,16,22,19,4,0,0,0,0,0,9,14,13,10,43,5,18,22,16,2,7,8,9,10,23,21,14,9,43,18,1,8,22,2,8,11,12,9,21,22,15,14,43,13,23,17,6,0,0,0,0,0,5,8,11,6,43,7,15,23,13,0,0,0,0,0,25,24,8,5,43,15,5,16,23,0,0,0,0,0,24,23,9,8,43,10,24,14,2,0,0,0,0,0,1,4,7,2,43,3,12,24,10,0,0,0,0,0,19,18,4,1,43,12,7,13,24,0,0,0,0,0,18,25,5,4,43,11,0,8,25,0,0,0,0,0,3,12,15,0,43,1,9,25,8,0,0,0,0,0,22,20,0,15,43,9,3,10,25,0,0,0,0,0,20,19,1,0],
    "metadata": {
        "faces": 24,
        "materials": 3,
        "version": 3,
        "normals": 26,
        "vertices": 26,
        "uvs": 1,
        "generator": "io_three",
        "type": "Geometry"
    },
    "vertices": [-0.049012,0.000541,0.05,-0.049012,0.100541,0.05,-0.049012,0.000541,-0.05,-0.049012,0.100541,-0.05,0.050988,0.000541,0.05,0.050988,0.100541,0.05,0.050988,0.000541,-0.05,0.050988,0.100541,-0.05,-0.049012,0.050541,0.05,-0.049012,0.100541,-0,-0.049012,0.050541,-0.05,-0.049012,0.000541,-0,0.000988,0.100541,-0.05,0.050988,0.050541,-0.05,0.000988,0.000541,-0.05,0.050988,0.100541,-0,0.050988,0.050541,0.05,0.050988,0.000541,-0,0.000988,0.100541,0.05,0.000988,0.000541,0.05,0.000988,0.100541,-0,0.000988,0.000541,-0,0.000988,0.050541,0.05,0.050988,0.050541,-0,0.000988,0.050541,-0.05,-0.049012,0.050541,-0],
    "uvs": [[0,0,0.249612,0.750425,0.249612,1.00039,-0.000352,1.00039,-0.000352,0.750425,0.499577,0.750425,0.499577,1.00039,0.250455,1.00103,0.125473,1.00103,0.125473,0.751068,0.250455,0.751068,0.00049,1.00103,0.00049,0.751068]],
    "materials": [{
        "blending": "NormalBlending",
        "visible": true,
        "depthWrite": true,
        "colorDiffuse": [0.483062,0.483062,0.483062],
        "DbgColor": 15658734,
        "colorEmissive": [0,0,0],
        "depthTest": true,
        "opacity": 1,
        "DbgIndex": 0,
        "transparent": false,
        "shading": "lambert",
        "DbgName": "Body",
        "wireframe": false
    },{
        "blending": "NormalBlending",
        "visible": true,
        "depthWrite": true,
        "mapDiffuseAnisotropy": 1,
        "mapDiffuse": "eyes.jpg",
        "colorDiffuse": [0.603827,0.603827,0.603827],
        "mapDiffuseWrap": ["RepeatWrapping","RepeatWrapping"],
        "DbgColor": 15597568,
        "colorEmissive": [0,0,0],
        "depthTest": true,
        "opacity": 1,
        "DbgIndex": 1,
        "transparent": false,
        "mapDiffuseRepeat": [1,1],
        "shading": "lambert",
        "DbgName": "Eyes",
        "wireframe": false
    },{
        "blending": "NormalBlending",
        "visible": true,
        "depthWrite": true,
        "mapDiffuseAnisotropy": 1,
        "mapDiffuse": "mouths.jpg",
        "colorDiffuse": [0.603827,0.603827,0.603827],
        "mapDiffuseWrap": ["RepeatWrapping","RepeatWrapping"],
        "DbgColor": 60928,
        "colorEmissive": [0,0,0],
        "depthTest": true,
        "opacity": 1,
        "DbgIndex": 2,
        "transparent": false,
        "mapDiffuseRepeat": [1,1],
        "shading": "lambert",
        "DbgName": "Mouth",
        "wireframe": false
    }],
    "name": "Cube.001Geometry.3",
    "normals": [-1,0,0,-0.707083,0,-0.707083,-0.577349,-0.577349,-0.577349,-0.707083,-0.707083,0,0,0,-1,0.707083,0,-0.707083,0.577349,-0.577349,-0.577349,0,-0.707083,-0.707083,1,0,0,0.707083,0,0.707083,0.577349,-0.577349,0.577349,0.707083,-0.707083,0,-0.577349,-0.577349,0.577349,0,-0.707083,0.707083,0,0,1,-0.707083,0,0.707083,0,-1,0,0,1,0,0,0.707083,-0.707083,-0.577349,0.577349,-0.577349,-0.707083,0.707083,0,0,0.707083,0.707083,-0.577349,0.577349,0.577349,0.577349,0.577349,0.577349,0.707083,0.707083,0,0.577349,0.577349,-0.577349]
}